user_id,user_freq
0,43
1,321
2,60
3,68
4,292
5,52
6,23
7,384
8,74
9,36
10,26
11,40
12,42
13,84
14,799
15,29
16,43
17,36
18,31
19,1019
20,121
21,404
22,98
23,738
24,106
25,70
26,104
27,116
28,33
29,35
30,27
31,33
32,36
33,48
34,204
35,91
36,137
37,124
38,83
39,155
40,268
41,72
42,40
43,30
44,118
45,22
46,36
47,207
48,69
49,37
50,28
51,116
52,29
53,20
54,60
55,33
56,27
57,49
58,451
59,687
60,53
61,267
62,100
63,62
64,60
65,141
66,285
67,409
68,37
69,64
70,41
71,156
72,78
73,83
74,69
75,98
76,76
77,476
78,439
79,97
80,17
81,113
82,85
83,92
84,154
85,33
86,33
87,247
88,101
89,97
90,29
91,44
92,28
93,45
94,20
95,144
96,27
97,250
98,314
99,932
100,58
101,65
102,59
103,27
104,41
105,55
106,129
107,28
108,214
109,134
110,26
111,150
112,109
113,64
114,404
115,412
116,21
117,48
118,44
119,129
120,52
121,62
122,36
123,165
124,74
125,39
126,26
127,541
128,254
129,107
130,85
131,113
132,604
133,24
134,315
135,48
136,588
137,230
138,92
139,24
140,311
141,460
142,17
143,105
144,398
145,83
146,53
147,223
148,82
149,131
150,133
151,120
152,138
153,44
154,450
155,71
156,145
157,78
158,292
159,369
160,210
161,43
162,18
163,44
164,300
165,252
166,47
167,71
168,30
169,1013
170,246
171,118
172,60
173,19
174,146
175,58
176,18
177,52
178,97
179,68
180,85
181,75
182,124
183,52
184,350
185,112
186,20
187,56
188,187
189,94
190,404
191,205
192,22
193,354
194,288
195,19
196,58
197,100
198,63
199,28
200,188
201,180
202,29
203,1203
204,291
205,148
206,222
207,72
208,164
209,25
210,25
211,21
212,85
213,21
214,85
215,23
216,220
217,516
218,76
219,90
220,20
221,82
222,143
223,19
224,51
225,31
226,52
227,416
228,591
229,108
230,67
231,113
232,492
233,37
234,177
235,58
236,31
237,317
238,55
239,20
240,36
241,91
242,171
243,41
244,188
245,180
246,45
247,155
248,176
249,54
250,116
251,454
252,22
253,17
254,117
255,201
256,24
257,479
258,203
259,88
260,107
261,49
262,20
263,40
264,20
265,24
266,37
267,70
268,19
269,24
270,155
271,468
272,293
273,435
274,28
275,458
276,27
277,76
278,21
279,57
280,17
281,37
282,92
283,60
284,88
285,188
286,26
287,39
288,32
289,47
290,41
291,406
292,155
293,126
294,223
295,569
296,272
297,572
298,133
299,160
300,26
301,140
302,23
303,136
304,228
305,268
306,462
307,24
308,61
309,29
310,53
311,285
312,17
313,40
314,115
315,17
316,36
317,404
318,913
319,54
320,74
321,102
322,31
323,125
324,43
325,225
326,38
327,54
328,206
329,31
330,38
331,388
332,486
333,188
334,86
335,107
336,132
337,236
338,48
339,541
340,68
341,16
342,367
343,17
344,71
345,20
346,233
347,20
348,149
349,124
350,23
351,181
352,75
353,30
354,635
355,17
356,22
357,71
358,93
359,137
360,306
361,118
362,86
363,226
364,29
365,57
366,101
367,328
368,135
369,36
370,120
371,26
372,443
373,47
374,245
375,19
376,52
377,106
378,170
379,147
380,643
381,64
382,73
383,223
384,59
385,149
386,22
387,125
388,111
389,35
390,56
391,90
392,16
393,115
394,51
395,547
396,43
397,367
398,140
399,185
400,76
401,299
402,83
403,107
404,174
405,17
406,44
407,53
408,115
409,169
410,36
411,324
412,160
413,118
414,36
415,43
416,60
417,83
418,48
419,76
420,417
421,46
422,26
423,53
424,203
425,55
426,28
427,655
428,18
429,18
430,66
431,178
432,43
433,329
434,197
435,246
436,167
437,195
438,87
439,21
440,248
441,148
442,43
443,30
444,229
445,21
446,43
447,46
448,44
449,39
450,53
451,265
452,37
453,16
454,146
455,108
456,68
457,19
458,62
459,48
460,20
461,148
462,60
463,143
464,18
465,23
466,228
467,41
468,37
469,223
470,155
471,581
472,64
473,36
474,614
475,306
476,122
477,42
478,20
479,54
480,92
481,17
482,27
483,71
484,222
485,27
486,52
487,123
488,35
489,24
490,26
491,108
492,82
493,127
494,32
495,23
496,24
497,77
498,788
499,821
500,987
501,31
502,87
503,600
504,22
505,18
506,49
507,18
508,245
509,76
510,17
511,340
512,22
513,40
514,30
515,92
516,86
517,486
518,202
519,70
520,82
521,26
522,149
523,478
524,21
525,187
526,190
527,103
528,63
529,56
530,27
531,25
532,23
533,499
534,35
535,80
536,49
537,205
538,250
539,19
540,38
541,33
542,17
543,387
544,471
545,143
546,201
547,85
548,16
549,78
550,146
551,470
552,157
553,92
554,104
555,161
556,186
557,91
558,431
559,218
560,218
561,33
562,251
563,85
564,86
565,22
566,236
567,373
568,27
569,73
570,28
571,115
572,101
573,20
574,234
575,51
576,21
577,69
578,20
579,19
580,58
581,61
582,74
583,203
584,80
585,26
586,84
587,55
588,24
589,20
590,324
591,31
592,100
593,59
594,17
595,22
596,28
597,30
598,75
599,21
600,36
601,93
602,20
603,235
604,138
605,133
606,173
607,274
608,107
609,38
610,17
611,76
612,23
613,133
614,204
615,35
616,25
617,63
618,277
619,45
620,20
621,41
622,118
623,132
624,128
625,30
626,68
627,99
628,37
629,20
630,80
631,22
632,71
633,341
634,52
635,123
636,37
637,23
638,42
639,44
640,38
641,101
642,25
643,612
644,18
645,29
646,33
647,18
648,42
649,369
650,90
651,332
652,442
653,37
654,79
655,28
656,32
657,252
658,244
659,164
660,117
661,106
662,19
663,183
664,148
665,437
666,27
667,16
668,313
669,164
670,96
671,55
672,20
673,760
674,164
675,220
676,113
677,287
678,236
679,22
680,443
681,19
682,636
683,48
684,17
685,203
686,182
687,73
688,27
689,85
690,28
691,18
692,20
693,56
694,280
695,35
696,217
697,36
698,360
699,53
700,411
701,91
702,205
703,612
704,28
705,84
706,633
707,135
708,69
709,30
710,440
711,20
712,129
713,186
714,60
715,187
716,38
717,411
718,50
719,704
720,119
721,45
722,87
723,169
724,27
725,21
726,21
727,37
728,139
729,21
730,37
731,317
732,45
733,328
734,48
735,29
736,20
737,36
738,16
739,51
740,315
741,395
742,23
743,24
744,46
745,44
746,503
747,30
748,65
749,18
750,447
751,688
752,35
753,98
754,66
755,20
756,1441
757,97
758,21
759,139
760,50
761,340
762,22
763,315
764,105
765,102
766,441
767,119
768,40
769,165
770,248
771,318
772,156
773,252
774,284
775,760
776,277
777,168
778,69
779,37
780,442
781,64
782,20
783,28
784,69
785,164
786,70
787,18
788,167
789,20
790,63
791,23
792,408
793,217
794,36
795,155
796,338
797,26
798,20
799,19
800,36
801,91
802,161
803,116
804,126
805,28
806,305
807,410
808,37
809,44
810,444
811,20
812,54
813,28
814,656
815,60
816,61
817,156
818,620
819,53
820,61
821,77
822,52
823,517
824,37
825,75
826,112
827,56
828,261
829,86
830,464
831,443
832,253
833,59
834,17
835,347
836,219
837,23
838,292
839,39
840,309
841,341
842,204
843,62
844,52
845,91
846,60
847,20
848,489
849,84
850,20
851,244
852,113
853,59
854,36
855,71
856,20
857,28
858,47
859,32
860,123
861,337
862,43
863,434
864,119
865,91
866,491
867,84
868,30
869,17
870,42
871,44
872,42
873,22
874,25
875,46
876,88
877,270
878,117
879,31
880,229
881,362
882,20
883,140
884,139
885,53
886,73
887,245
888,47
889,202
890,17
891,169
892,228
893,92
894,140
895,172
896,162
897,25
898,44
899,241
900,32
901,24
902,555
903,18
904,39
905,31
906,50
907,99
908,35
909,91
910,67
911,253
912,20
913,53
914,22
915,126
916,121
917,44
918,39
919,115
920,23
921,81
922,24
923,89
924,35
925,80
926,53
927,613
928,332
929,619
930,21
931,68
932,68
933,19
934,181
935,372
936,95
937,16
938,175
939,49
940,32
941,18
942,20
943,41
944,60
945,404
946,44
947,125
948,197
949,67
950,107
951,33
952,77
953,36
954,98
955,235
956,367
957,27
958,84
959,17
960,262
961,111
962,44
963,44
964,37
965,331
966,126
967,93
968,27
969,158
970,51
971,270
972,27
973,109
974,66
975,211
976,57
977,764
978,45
979,179
980,344
981,565
982,45
983,20
984,101
985,28
986,500
987,25
988,162
989,222
990,18
991,22
992,138
993,68
994,165
995,518
996,21
997,604
998,203
999,123
1000,32
1001,120
1002,206
1003,157
1004,282
1005,37
1006,20
1007,20
1008,163
1009,45
1010,23
1011,43
1012,25
1013,754
1014,36
1015,19
1016,28
1017,310
1018,77
1019,19
1020,43
1021,421
1022,480
1023,68
1024,343
1025,46
1026,68
1027,244
1028,467
1029,18
1030,170
1031,21
1032,190
1033,260
1034,68
1035,62
1036,24
1037,47
1038,45
1039,22
1040,235
1041,140
1042,177
1043,47
1044,52
1045,1261
1046,47
1047,540
1048,54
1049,59
1050,62
1051,117
1052,140
1053,82
1054,644
1055,109
1056,101
1057,200
1058,28
1059,119
1060,32
1061,53
1062,40
1063,682
1064,49
1065,26
1066,171
1067,71
1068,424
1069,67
1070,18
1071,52
1072,35
1073,20
1074,356
1075,413
1076,18
1077,41
1078,27
1079,67
1080,30
1081,413
1082,39
1083,98
1084,53
1085,123
1086,27
1087,303
1088,1002
1089,53
1090,123
1091,436
1092,227
1093,128
1094,18
1095,37
1096,501
1097,21
1098,322
1099,27
1100,20
1101,74
1102,16
1103,22
1104,68
1105,141
1106,32
1107,284
1108,69
1109,103
1110,20
1111,20
1112,78
1113,39
1114,132
1115,49
1116,87
1117,72
1118,33
1119,32
1120,140
1121,44
1122,69
1123,585
1124,197
1125,489
1126,64
1127,44
1128,715
1129,264
1130,95
1131,352
1132,28
1133,536
1134,377
1135,119
1136,155
1137,229
1138,204
1139,95
1140,169
1141,85
1142,21
1143,181
1144,100
1145,464
1146,178
1147,51
1148,44
1149,29
1150,137
1151,53
1152,351
1153,97
1154,356
1155,36
1156,444
1157,212
1158,73
1159,21
1160,20
1161,67
1162,231
1163,27
1164,27
1165,122
1166,208
1167,181
1168,24
1169,21
1170,267
1171,110
1172,204
1173,53
1174,76
1175,202
1176,24
1177,209
1178,16
1179,70
1180,1047
1181,197
1182,25
1183,23
1184,158
1185,101
1186,60
1187,19
1188,84
1189,189
1190,164
1191,517
1192,28
1193,35
1194,67
1195,547
1196,82
1197,76
1198,148
1199,26
1200,39
1201,57
1202,32
1203,123
1204,214
1205,24
1206,43
1207,348
1208,75
1209,21
1210,183
1211,117
1212,581
1213,44
1214,57
1215,59
1216,97
1217,139
1218,299
1219,28
1220,18
1221,88
1222,245
1223,85
1224,423
1225,71
1226,41
1227,413
1228,709
1229,23
1230,18
1231,596
1232,28
1233,177
1234,16
1235,40
1236,37
1237,120
1238,46
1239,772
1240,36
1241,69
1242,142
1243,87
1244,132
1245,144
1246,166
1247,27
1248,497
1249,183
1250,72
1251,134
1252,16
1253,284
1254,18
1255,51
1256,257
1257,54
1258,16
1259,47
1260,20
1261,128
1262,55
1263,48
1264,43
1265,133
1266,164
1267,21
1268,61
1269,89
1270,80
1271,175
1272,82
1273,76
1274,203
1275,43
1276,28
1277,28
1278,30
1279,19
1280,282
1281,37
1282,57
1283,251
1284,118
1285,91
1286,28
1287,632
1288,16
1289,95
1290,146
1291,76
1292,377
1293,181
1294,170
1295,170
1296,291
1297,29
1298,16
1299,100
1300,81
1301,359
1302,236
1303,141
1304,134
1305,143
1306,163
1307,139
1308,116
1309,68
1310,326
1311,726
1312,20
1313,27
1314,24
1315,235
1316,234
1317,109
1318,322
1319,27
1320,28
1321,104
1322,30
1323,97
1324,21
1325,85
1326,205
1327,28
1328,43
1329,53
1330,102
1331,236
1332,82
1333,60
1334,53
1335,57
1336,428
1337,24
1338,406
1339,124
1340,17
1341,213
1342,19
1343,23
1344,23
1345,236
1346,80
1347,31
1348,65
1349,149
1350,42
1351,31
1352,28
1353,168
1354,64
1355,23
1356,130
1357,174
1358,422
1359,30
1360,318
1361,42
1362,38
1363,49
1364,31
1365,204
1366,183
1367,347
1368,253
1369,165
1370,17
1371,114
1372,76
1373,351
1374,70
1375,94
1376,164
1377,79
1378,100
1379,266
1380,48
1381,340
1382,41
1383,138
1384,205
1385,85
1386,56
1387,401
1388,52
1389,331
1390,19
1391,25
1392,68
1393,139
1394,54
1395,27
1396,285
1397,183
1398,17
1399,21
1400,194
1401,107
1402,187
1403,237
1404,185
1405,80
1406,43
1407,19
1408,21
1409,22
1410,83
1411,261
1412,100
1413,57
1414,32
1415,29
1416,86
1417,22
1418,53
1419,331
1420,25
1421,60
1422,61
1423,150
1424,35
1425,42
1426,42
1427,37
1428,21
1429,426
1430,29
1431,166
1432,133
1433,33
1434,16
1435,223
1436,50
1437,18
1438,21
1439,34
1440,96
1441,60
1442,242
1443,143
1444,42
1445,42
1446,158
1447,246
1448,697
1449,60
1450,57
1451,117
1452,51
1453,139
1454,77
1455,81
1456,19
1457,27
1458,35
1459,27
1460,34
1461,123
1462,49
1463,53
1464,50
1465,72
1466,79
1467,89
1468,52
1469,215
1470,71
1471,22
1472,43
1473,47
1474,33
1475,32
1476,43
1477,96
1478,56
1479,36
1480,50
1481,264
1482,75
1483,17
1484,43
1485,149
1486,18
1487,23
1488,317
1489,45
1490,61
1491,28
1492,148
1493,18
1494,54
1495,19
1496,164
1497,93
1498,345
1499,92
1500,115
1501,95
1502,157
1503,53
1504,112
1505,20
1506,23
1507,27
1508,47
1509,50
1510,29
1511,38
1512,39
1513,25
1514,23
1515,37
1516,33
1517,43
1518,181
1519,22
1520,132
1521,60
1522,65
1523,57
1524,17
1525,127
1526,21
1527,396
1528,28
1529,208
1530,20
1531,203
1532,325
1533,49
1534,363
1535,25
1536,19
1537,57
1538,50
1539,18
1540,239
1541,57
1542,60
1543,57
1544,35
1545,117
1546,57
1547,179
1548,28
1549,48
1550,92
1551,18
1552,108
1553,115
1554,42
1555,40
1556,423
1557,144
1558,75
1559,47
1560,80
1561,122
1562,55
1563,108
1564,45
1565,92
1566,260
1567,24
1568,21
1569,186
1570,28
1571,36
1572,23
1573,45
1574,422
1575,219
1576,37
1577,49
1578,17
1579,59
1580,117
1581,46
1582,28
1583,96
1584,67
1585,101
1586,26
1587,34
1588,20
1589,27
1590,28
1591,20
1592,93
1593,340
1594,34
1595,159
1596,72
1597,69
1598,18
1599,21
1600,23
1601,20
1602,85
1603,196
1604,337
1605,45
1606,59
1607,20
1608,611
1609,21
1610,127
1611,42
1612,498
1613,241
1614,154
1615,293
1616,399
1617,133
1618,99
1619,23
1620,40
1621,84
1622,204
1623,85
1624,27
1625,187
1626,163
1627,17
1628,101
1629,46
1630,25
1631,19
1632,29
1633,232
1634,30
1635,26
1636,29
1637,49
1638,49
1639,229
1640,27
1641,28
1642,37
1643,106
1644,29
1645,55
1646,433
1647,196
1648,123
1649,29
1650,16
1651,315
1652,88
1653,18
1654,90
1655,71
1656,68
1657,30
1658,31
1659,407
1660,97
1661,123
1662,37
1663,69
1664,16
1665,112
1666,69
1667,17
1668,160
1669,241
1670,26
1671,199
1672,682
1673,48
1674,30
1675,59
1676,35
1677,23
1678,25
1679,52
1680,25
1681,41
1682,18
1683,40
1684,34
1685,37
1686,48
1687,37
1688,44
1689,60
1690,104
1691,20
1692,47
1693,210
1694,17
1695,49
1696,650
1697,43
1698,25
1699,25
1700,104
1701,30
1702,52
1703,45
1704,441
1705,21
1706,33
1707,19
1708,178
1709,204
1710,21
1711,20
1712,580
1713,41
1714,93
1715,110
1716,35
1717,19
1718,195
1719,75
1720,60
1721,64
1722,19
1723,34
1724,126
1725,37
1726,59
1727,38
1728,155
1729,75
1730,32
1731,61
1732,137
1733,21
1734,96
1735,239
1736,212
1737,268
1738,27
1739,36
1740,43
1741,64
1742,54
1743,121
1744,77
1745,27
1746,135
1747,220
1748,42
1749,27
1750,54
1751,117
1752,60
1753,323
1754,18
1755,265
1756,16
1757,87
1758,39
1759,25
1760,33
1761,170
1762,111
1763,284
1764,33
1765,353
1766,107
1767,76
1768,126
1769,33
1770,53
1771,21
1772,183
1773,319
1774,124
1775,73
1776,23
1777,23
1778,35
1779,54
1780,150
1781,40
1782,50
1783,180
1784,160
1785,282
1786,36
1787,340
1788,35
1789,18
1790,24
1791,49
1792,40
1793,66
1794,21
1795,75
1796,84
1797,123
1798,251
1799,29
1800,43
1801,245
1802,114
1803,18
1804,384
1805,163
1806,218
1807,74
1808,44
1809,71
1810,33
1811,29
1812,221
1813,45
1814,51
1815,44
1816,417
1817,27
1818,384
1819,17
1820,254
1821,57
1822,362
1823,17
1824,225
1825,19
1826,20
1827,85
1828,171
1829,78
1830,39
1831,92
1832,33
1833,23
1834,79
1835,60
1836,106
1837,18
1838,25
1839,129
1840,40
1841,37
1842,78
1843,34
1844,124
1845,293
1846,649
1847,76
1848,26
1849,174
1850,91
1851,105
1852,226
1853,19
1854,42
1855,95
1856,36
1857,183
1858,30
1859,34
1860,274
1861,209
1862,172
1863,178
1864,87
1865,205
1866,175
1867,155
1868,17
1869,19
1870,107
1871,81
1872,24
1873,19
1874,193
1875,108
1876,108
1877,58
1878,51
1879,16
1880,28
1881,35
1882,80
1883,56
1884,100
1885,236
1886,91
1887,33
1888,73
1889,38
1890,18
1891,21
1892,19
1893,29
1894,26
1895,250
1896,24
1897,30
1898,54
1899,21
1900,16
1901,62
1902,20
1903,21
1904,93
1905,92
1906,386
1907,30
1908,28
1909,19
1910,68
1911,164
1912,27
1913,68
1914,70
1915,53
1916,19
1917,149
1918,124
1919,224
1920,37
1921,79
1922,96
1923,20
1924,81
1925,316
1926,84
1927,26
1928,118
1929,117
1930,27
1931,86
1932,350
1933,109
1934,157
1935,45
1936,110
1937,260
1938,72
1939,71
1940,160
1941,139
1942,300
1943,403
1944,80
1945,18
1946,191
1947,102
1948,23
1949,16
1950,19
1951,53
1952,386
1953,37
1954,21
1955,283
1956,169
1957,82
1958,20
1959,64
1960,116
1961,18
1962,37
1963,229
1964,142
1965,67
1966,220
1967,22
1968,279
1969,697
1970,84
1971,136
1972,155
1973,32
1974,228
1975,48
1976,44
1977,124
1978,131
1979,238
1980,110
1981,100
1982,76
1983,37
1984,98
1985,37
1986,153
1987,631
1988,115
1989,80
1990,323
1991,38
1992,61
1993,19
1994,85
1995,40
1996,73
1997,80
1998,64
1999,89
2000,137
2001,70
2002,63
2003,267
2004,111
2005,86
2006,88
2007,318
2008,62
2009,97
2010,19
2011,136
2012,43
2013,18
2014,66
2015,235
2016,16
2017,23
2018,710
2019,24
2020,49
2021,37
2022,196
2023,171
2024,210
2025,27
2026,46
2027,29
2028,21
2029,69
2030,28
2031,124
2032,43
2033,18
2034,30
2035,18
2036,187
2037,31
2038,27
2039,372
2040,280
2041,352
2042,71
2043,30
2044,86
2045,44
2046,82
2047,315
2048,175
2049,123
2050,111
2051,35
2052,27
2053,107
2054,71
2055,329
2056,57
2057,42
2058,629
2059,59
2060,107
2061,35
2062,404
2063,36
2064,68
2065,92
2066,42
2067,74
2068,165
2069,21
2070,152
2071,26
2072,83
2073,115
2074,22
2075,334
2076,187
2077,83
2078,27
2079,152
2080,37
2081,552
2082,21
2083,44
2084,219
2085,68
2086,99
2087,119
2088,16
2089,153
2090,69
2091,474
2092,300
2093,155
2094,60
2095,112
2096,46
2097,75
2098,17
2099,89
2100,411
2101,256
2102,93
2103,86
2104,341
2105,85
2106,27
2107,238
2108,199
2109,18
2110,116
2111,41
2112,100
2113,43
2114,678
2115,16
2116,999
2117,82
2118,113
2119,51
2120,36
2121,261
2122,58
2123,58
2124,184
2125,56
2126,308
2127,124
2128,33
2129,20
2130,101
2131,57
2132,17
2133,36
2134,21
2135,273
2136,50
2137,334
2138,289
2139,244
2140,180
2141,22
2142,100
2143,497
2144,116
2145,44
2146,84
2147,161
2148,118
2149,39
2150,25
2151,287
2152,102
2153,100
2154,139
2155,53
2156,369
2157,108
2158,43
2159,38
2160,152
2161,52
2162,53
2163,134
2164,72
2165,28
2166,153
2167,21
2168,52
2169,35
2170,59
2171,77
2172,25
2173,36
2174,489
2175,31
2176,38
2177,21
2178,166
2179,417
2180,136
2181,140
2182,70
2183,38
2184,28
2185,135
2186,50
2187,100
2188,80
2189,114
2190,17
2191,139
2192,36
2193,21
2194,107
2195,24
2196,18
2197,43
2198,20
2199,148
2200,569
2201,44
2202,51
2203,85
2204,84
2205,209
2206,46
2207,32
2208,65
2209,300
2210,273
2211,380
2212,132
2213,44
2214,107
2215,41
2216,34
2217,198
2218,84
2219,247
2220,117
2221,62
2222,96
2223,89
2224,42
2225,191
2226,28
2227,20
2228,285
2229,85
2230,74
2231,258
2232,373
2233,136
2234,31
2235,33
2236,289
2237,487
2238,20
2239,629
2240,136
2241,16
2242,120
2243,50
2244,174
2245,118
2246,283
2247,19
2248,91
2249,609
2250,166
2251,20
2252,399
2253,804
2254,107
2255,22
2256,64
2257,92
2258,52
2259,93
2260,46
2261,20
2262,20
2263,84
2264,58
2265,21
2266,243
2267,117
2268,61
2269,56
2270,56
2271,55
2272,123
2273,52
2274,325
2275,65
2276,146
2277,415
2278,229
2279,211
2280,129
2281,117
2282,36
2283,154
2284,29
2285,26
2286,52
2287,52
2288,36
2289,226
2290,72
2291,657
2292,16
2293,171
2294,146
2295,31
2296,20
2297,164
2298,45
2299,114
2300,213
2301,18
2302,62
2303,26
2304,68
2305,445
2306,439
2307,307
2308,296
2309,78
2310,60
2311,99
2312,91
2313,237
2314,40
2315,43
2316,99
2317,49
2318,52
2319,43
2320,143
2321,32
2322,140
2323,157
2324,50
2325,73
2326,126
2327,93
2328,179
2329,43
2330,216
2331,28
2332,31
2333,23
2334,96
2335,53
2336,58
2337,388
2338,43
2339,16
2340,238
2341,99
2342,170
2343,40
2344,85
2345,28
2346,69
2347,29
2348,455
2349,72
2350,45
2351,29
2352,217
2353,21
2354,123
2355,20
2356,284
2357,65
2358,33
2359,252
2360,403
2361,21
2362,52
2363,61
2364,22
2365,17
2366,81
2367,92
2368,32
2369,41
2370,170
2371,46
2372,234
2373,259
2374,49
2375,76
2376,167
2377,27
2378,89
2379,50
2380,169
2381,82
2382,21
2383,18
2384,61
2385,136
2386,25
2387,36
2388,150
2389,69
2390,52
2391,126
2392,236
2393,190
2394,61
2395,21
2396,57
2397,66
2398,685
2399,24
2400,24
2401,32
2402,175
2403,24
2404,102
2405,17
2406,59
2407,104
2408,86
2409,75
2410,69
2411,69
2412,17
2413,49
2414,170
2415,21
2416,17
2417,391
2418,21
2419,500
2420,89
2421,85
2422,71
2423,29
2424,21
2425,420
2426,574
2427,28
2428,324
2429,120
2430,152
2431,28
2432,154
2433,244
2434,108
2435,82
2436,80
2437,38
2438,17
2439,126
2440,357
2441,115
2442,129
2443,38
2444,245
2445,79
2446,79
2447,308
2448,181
2449,178
2450,116
2451,77
2452,21
2453,108
2454,27
2455,28
2456,258
2457,277
2458,50
2459,114
2460,32
2461,58
2462,33
2463,49
2464,887
2465,17
2466,100
2467,273
2468,124
2469,153
2470,94
2471,119
2472,123
2473,52
2474,129
2475,28
2476,19
2477,62
2478,26
2479,60
2480,60
2481,122
2482,43
2483,167
2484,183
2485,19
2486,62
2487,184
2488,23
2489,68
2490,53
2491,35
2492,100
2493,44
2494,27
2495,132
2496,19
2497,37
2498,46
2499,65
2500,32
2501,315
2502,303
2503,182
2504,428
2505,73
2506,89
2507,22
2508,406
2509,121
2510,78
2511,53
2512,67
2513,181
2514,98
2515,267
2516,668
2517,16
2518,157
2519,17
2520,23
2521,119
2522,37
2523,85
2524,50
2525,518
2526,152
2527,20
2528,196
2529,33
2530,500
2531,22
2532,20
2533,20
2534,60
2535,611
2536,139
2537,16
2538,744
2539,37
2540,76
2541,60
2542,58
2543,101
2544,26
2545,241
2546,312
2547,60
2548,289
2549,245
2550,68
2551,20
2552,136
2553,84
2554,41
2555,20
2556,565
2557,217
2558,461
2559,53
2560,732
2561,532
2562,379
2563,267
2564,145
2565,34
2566,88
2567,56
2568,98
2569,53
2570,447
2571,68
2572,38
2573,100
2574,17
2575,20
2576,30
2577,285
2578,216
2579,110
2580,181
2581,20
2582,112
2583,82
2584,154
2585,80
2586,21
2587,531
2588,65
2589,31
2590,67
2591,49
2592,93
2593,121
2594,46
2595,39
2596,44
2597,113
2598,183
2599,36
2600,38
2601,115
2602,117
2603,36
2604,23
2605,75
2606,187
2607,27
2608,27
2609,190
2610,55
2611,186
2612,68
2613,84
2614,46
2615,129
2616,61
2617,193
2618,87
2619,275
2620,21
2621,276
2622,77
2623,26
2624,157
2625,157
2626,387
2627,25
2628,26
2629,84
2630,21
2631,16
2632,133
2633,187
2634,30
2635,290
2636,361
2637,23
2638,44
2639,41
2640,100
2641,28
2642,118
2643,108
2644,17
2645,457
2646,100
2647,162
2648,961
2649,24
2650,212
2651,260
2652,44
2653,19
2654,23
2655,43
2656,124
2657,132
2658,85
2659,174
2660,669
2661,262
2662,165
2663,20
2664,31
2665,33
2666,92
2667,36
2668,16
2669,582
2670,280
2671,235
2672,100
2673,237
2674,132
2675,373
2676,74
2677,169
2678,96
2679,99
2680,176
2681,20
2682,306
2683,253
2684,57
2685,394
2686,96
2687,30
2688,146
2689,27
2690,236
2691,325
2692,49
2693,92
2694,70
2695,140
2696,100
2697,164
2698,40
2699,64
2700,71
2701,72
2702,21
2703,255
2704,148
2705,21
2706,88
2707,116
2708,28
2709,69
2710,20
2711,52
2712,20
2713,150
2714,50
2715,69
2716,238
2717,287
2718,19
2719,43
2720,128
2721,132
2722,22
2723,227
2724,68
2725,29
2726,447
2727,29
2728,297
2729,47
2730,29
2731,47
2732,52
2733,367
2734,79
2735,68
2736,659
2737,40
2738,127
2739,159
2740,496
2741,542
2742,108
2743,60
2744,72
2745,80
2746,37
2747,112
2748,56
2749,526
2750,164
2751,37
2752,77
2753,254
2754,17
2755,85
2756,214
2757,196
2758,578
2759,50
2760,131
2761,27
2762,17
2763,21
2764,74
2765,93
2766,349
2767,157
2768,52
2769,50
2770,157
2771,27
2772,390
2773,169
2774,78
2775,54
2776,735
2777,28
2778,324
2779,83
2780,53
2781,165
2782,324
2783,249
2784,60
2785,80
2786,124
2787,98
2788,394
2789,525
2790,690
2791,229
2792,308
2793,50
2794,31
2795,123
2796,72
2797,764
2798,31
2799,89
2800,181
2801,20
2802,16
2803,60
2804,92
2805,74
2806,43
2807,22
2808,133
2809,43
2810,131
2811,851
2812,46
2813,166
2814,27
2815,17
2816,80
2817,23
2818,22
2819,324
2820,288
2821,20
2822,29
2823,334
2824,284
2825,68
2826,16
2827,37
2828,27
2829,102
2830,90
2831,313
2832,240
2833,60
2834,17
2835,109
2836,207
2837,544
2838,168
2839,122
2840,111
2841,25
2842,55
2843,82
2844,349
2845,46
2846,18
2847,84
2848,88
2849,28
2850,142
2851,29
2852,430
2853,62
2854,217
2855,213
2856,58
2857,58
2858,28
2859,77
2860,24
2861,53
2862,207
2863,130
2864,34
2865,180
2866,549
2867,39
2868,368
2869,161
2870,283
2871,51
2872,125
2873,25
2874,101
2875,60
2876,48
2877,140
2878,280
2879,53
2880,297
2881,126
2882,68
2883,261
2884,21
2885,92
2886,27
2887,208
2888,82
2889,117
2890,20
2891,539
2892,164
2893,171
2894,56
2895,124
2896,139
2897,17
2898,37
2899,1060
2900,81
2901,43
2902,343
2903,303
2904,127
2905,17
2906,284
2907,162
2908,683
2909,28
2910,25
2911,50
2912,35
2913,145
2914,32
2915,23
2916,16
2917,19
2918,131
2919,19
2920,52
2921,101
2922,68
2923,22
2924,59
2925,388
2926,17
2927,176
2928,33
2929,55
2930,75
2931,27
2932,499
2933,41
2934,37
2935,627
2936,201
2937,229
2938,89
2939,225
2940,26
2941,62
2942,30
2943,213
2944,76
2945,207
2946,45
2947,101
2948,69
2949,73
2950,108
2951,172
2952,34
2953,43
2954,30
2955,347
2956,22
2957,53
2958,84
2959,163
2960,169
2961,73
2962,676
2963,81
2964,113
2965,111
2966,300
2967,256
2968,44
2969,532
2970,73
2971,471
2972,111
2973,245
2974,59
2975,151
2976,243
2977,180
2978,69
2979,317
2980,241
2981,57
2982,476
2983,43
2984,238
2985,120
2986,107
2987,91
2988,49
2989,43
2990,48
2991,52
2992,68
2993,37
2994,40
2995,175
2996,629
2997,62
2998,41
2999,27
3000,264
3001,62
3002,55
3003,70
3004,112
3005,325
3006,32
3007,251
3008,314
3009,239
3010,213
3011,28
3012,134
3013,165
3014,103
3015,25
3016,31
3017,467
3018,20
3019,272
3020,364
3021,52
3022,355
3023,21
3024,23
3025,101
3026,166
3027,95
3028,40
3029,239
3030,101
3031,120
3032,26
3033,18
3034,42
3035,37
3036,108
3037,101
3038,26
3039,28
3040,161
3041,277
3042,52
3043,26
3044,94
3045,41
3046,31
3047,322
3048,149
3049,39
3050,243
3051,57
3052,332
3053,161
3054,40
3055,83
3056,93
3057,252
3058,137
3059,324
3060,111
3061,21
3062,20
3063,100
3064,33
3065,568
3066,327
3067,108
3068,212
3069,373
3070,37
3071,289
3072,44
3073,75
3074,34
3075,92
3076,751
3077,44
3078,31
3079,240
3080,50
3081,53
3082,20
3083,33
3084,27
3085,51
3086,16
3087,19
3088,120
3089,52
3090,99
3091,100
3092,645
3093,106
3094,36
3095,21
3096,162
3097,21
3098,24
3099,102
3100,80
3101,110
3102,57
3103,111
3104,18
3105,18
3106,148
3107,29
3108,133
3109,380
3110,924
3111,37
3112,27
3113,53
3114,85
3115,92
3116,53
3117,27
3118,96
3119,254
3120,43
3121,37
3122,94
3123,43
3124,37
3125,572
3126,148
3127,502
3128,805
3129,391
3130,22
3131,148
3132,34
3133,649
3134,16
3135,106
3136,98
3137,86
3138,249
3139,446
3140,73
3141,407
3142,156
3143,20
3144,70
3145,18
3146,54
3147,957
3148,531
3149,52
3150,107
3151,60
3152,55
3153,343
3154,62
3155,53
3156,108
3157,307
3158,68
3159,45
3160,252
3161,66
3162,81
3163,37
3164,44
3165,130
3166,247
3167,207
3168,134
3169,33
3170,27
3171,21
3172,160
3173,43
3174,69
3175,34
3176,220
3177,40
3178,54
3179,20
3180,92
3181,38
3182,61
3183,91
3184,31
3185,36
3186,18
3187,387
3188,36
3189,47
3190,45
3191,65
3192,162
3193,16
3194,512
3195,468
3196,73
3197,254
3198,121
3199,106
3200,55
3201,56
3202,80
3203,381
3204,35
3205,125
3206,56
3207,118
3208,17
3209,81
3210,42
3211,50
3212,169
3213,327
3214,59
3215,132
3216,134
3217,83
3218,65
3219,51
3220,42
3221,123
3222,62
3223,63
3224,209
3225,21
3226,81
3227,133
3228,91
3229,19
3230,423
3231,78
3232,20
3233,53
3234,388
3235,48
3236,58
3237,142
3238,83
3239,61
3240,86
3241,52
3242,123
3243,22
3244,490
3245,59
3246,156
3247,187
3248,26
3249,19
3250,558
3251,134
3252,28
3253,58
3254,76
3255,20
3256,30
3257,393
3258,40
3259,484
3260,53
3261,40
3262,423
3263,212
3264,82
3265,81
3266,60
3267,19
3268,56
3269,156
3270,45
3271,188
3272,35
3273,122
3274,27
3275,281
3276,132
3277,21
3278,139
3279,22
3280,184
3281,56
3282,363
3283,52
3284,232
3285,43
3286,356
3287,69
3288,16
3289,28
3290,201
3291,293
3292,21
3293,73
3294,99
3295,74
3296,238
3297,24
3298,106
3299,77
3300,181
3301,32
3302,173
3303,66
3304,104
3305,53
3306,246
3307,40
3308,36
3309,164
3310,180
3311,26
3312,69
3313,37
3314,359
3315,281
3316,149
3317,131
3318,90
3319,252
3320,250
3321,591
3322,17
3323,76
3324,32
3325,52
3326,348
3327,46
3328,34
3329,102
3330,192
3331,166
3332,436
3333,20
3334,245
3335,62
3336,20
3337,41
3338,37
3339,180
3340,181
3341,84
3342,539
3343,31
3344,117
3345,21
3346,227
3347,68
3348,607
3349,332
3350,69
3351,202
3352,21
3353,240
3354,40
3355,428
3356,61
3357,224
3358,100
3359,41
3360,123
3361,530
3362,86
3363,45
3364,100
3365,43
3366,18
3367,43
3368,40
3369,148
3370,674
3371,356
3372,107
3373,50
3374,36
3375,29
3376,37
3377,580
3378,299
3379,39
3380,134
3381,79
3382,28
3383,400
3384,490
3385,324
3386,18
3387,30
3388,403
3389,37
3390,117
3391,204
3392,28
3393,256
3394,47
3395,804
3396,17
3397,75
3398,64
3399,16
3400,25
3401,25
3402,107
3403,89
3404,204
3405,20
3406,20
3407,44
3408,38
3409,181
3410,212
3411,346
3412,123
3413,67
3414,41
3415,99
3416,611
3417,132
3418,662
3419,253
3420,47
3421,317
3422,562
3423,237
3424,163
3425,84
3426,58
3427,125
3428,216
3429,50
3430,191
3431,24
3432,91
3433,103
3434,21
3435,76
3436,22
3437,75
3438,70
3439,116
3440,124
3441,52
3442,22
3443,278
3444,26
3445,21
3446,507
3447,43
3448,260
3449,27
3450,160
3451,412
3452,290
3453,164
3454,164
3455,43
3456,379
3457,38
3458,101
3459,251
3460,84
3461,248
3462,37
3463,284
3464,70
3465,40
3466,23
3467,79
3468,138
3469,96
3470,106
3471,94
3472,94
3473,52
3474,31
3475,69
3476,52
3477,281
3478,45
3479,587
3480,180
3481,20
3482,20
3483,112
3484,21
3485,21
3486,48
3487,76
3488,42
3489,217
3490,321
3491,28
3492,126
3493,134
3494,19
3495,48
3496,313
3497,44
3498,18
3499,18
3500,50
3501,96
3502,355
3503,100
3504,20
3505,28
3506,41
3507,20
3508,373
3509,79
3510,1720
3511,18
3512,67
3513,116
3514,55
3515,44
3516,32
3517,74
3518,18
3519,122
3520,16
3521,129
3522,41
3523,65
3524,101
3525,36
3526,292
3527,20
3528,42
3529,512
3530,53
3531,36
3532,27
3533,85
3534,79
3535,20
3536,16
3537,209
3538,140
3539,81
3540,20
3541,19
3542,40
3543,37
3544,185
3545,52
3546,39
3547,20
3548,19
3549,116
3550,192
3551,36
3552,37
3553,196
3554,38
3555,19
3556,16
3557,105
3558,20
3559,123
3560,315
3561,31
3562,231
3563,21
3564,309
3565,81
3566,88
3567,37
3568,197
3569,71
3570,98
3571,130
3572,269
3573,101
3574,29
3575,967
3576,18
3577,51
3578,52
3579,17
3580,40
3581,42
3582,108
3583,127
3584,100
3585,41
3586,99
3587,655
3588,54
3589,976
3590,52
3591,78
3592,105
3593,114
3594,16
3595,74
3596,28
3597,60
3598,69
3599,83
3600,151
3601,261
3602,77
3603,84
3604,269
3605,20
3606,33
3607,21
3608,111
3609,320
3610,16
3611,191
3612,260
3613,220
3614,30
3615,30
3616,17
3617,167
3618,55
3619,29
3620,248
3621,181
3622,21
3623,19
3624,421
3625,91
3626,27
3627,123
3628,25
3629,66
3630,1355
3631,28
3632,392
3633,39
3634,70
3635,163
3636,22
3637,49
3638,124
3639,412
3640,156
3641,235
3642,21
3643,124
3644,277
3645,45
3646,169
3647,76
3648,34
3649,125
3650,32
3651,50
3652,37
3653,226
3654,80
3655,20
3656,51
3657,32
3658,33
3659,197
3660,300
3661,21
3662,545
3663,72
3664,28
3665,84
3666,106
3667,68
3668,236
3669,76
3670,705
3671,76
3672,27
3673,124
3674,31
3675,41
3676,383
3677,41
3678,59
3679,65
3680,45
3681,315
3682,109
3683,27
3684,20
3685,100
3686,130
3687,243
3688,138
3689,36
3690,33
3691,27
3692,16
3693,136
3694,125
3695,388
3696,98
3697,206
3698,26
3699,52
3700,35
3701,21
3702,27
3703,182
3704,171
3705,1014
3706,473
3707,60
3708,110
3709,20
3710,21
3711,106
3712,57
3713,135
3714,377
3715,106
3716,506
3717,41
3718,203
3719,35
3720,25
3721,65
3722,107
3723,198
3724,106
3725,206
3726,154
3727,159
3728,16
3729,27
3730,94
3731,104
3732,36
3733,42
3734,48
3735,113
3736,21
3737,242
3738,101
3739,261
3740,46
3741,149
3742,100
3743,308
3744,481
3745,121
3746,354
3747,84
3748,16
3749,231
3750,21
3751,698
3752,591
3753,367
3754,101
3755,74
3756,220
3757,29
3758,21
3759,16
3760,27
3761,23
3762,21
3763,53
3764,16
3765,28
3766,155
3767,23
3768,20
3769,161
3770,25
3771,69
3772,296
3773,37
3774,258
3775,185
3776,431
3777,87
3778,37
3779,21
3780,484
3781,82
3782,19
3783,145
3784,110
3785,132
3786,88
3787,251
3788,16
3789,339
3790,40
3791,20
3792,357
3793,34
3794,27
3795,745
3796,59
3797,19
3798,56
3799,36
3800,28
3801,235
3802,35
3803,54
3804,133
3805,37
3806,43
3807,181
3808,193
3809,135
3810,33
3811,96
3812,69
3813,24
3814,42
3815,64
3816,64
3817,99
3818,337
3819,779
3820,808
3821,156
3822,229
3823,65
3824,221
3825,155
3826,43
3827,128
3828,40
3829,131
3830,170
3831,329
3832,149
3833,41
3834,117
3835,124
3836,27
3837,16
3838,17
3839,68
3840,98
3841,142
3842,69
3843,27
3844,29
3845,245
3846,139
3847,395
3848,339
3849,28
3850,37
3851,159
3852,116
3853,357
3854,47
3855,19
3856,373
3857,50
3858,624
3859,150
3860,218
3861,115
3862,28
3863,48
3864,277
3865,340
3866,44
3867,305
3868,149
3869,19
3870,39
3871,60
3872,28
3873,147
3874,391
3875,124
3876,78
3877,236
3878,41
3879,22
3880,58
3881,259
3882,28
3883,21
3884,223
3885,427
3886,185
3887,968
3888,168
3889,167
3890,987
3891,117
3892,127
3893,27
3894,116
3895,18
3896,44
3897,331
3898,68
3899,33
3900,106
3901,229
3902,181
3903,151
3904,311
3905,231
3906,16
3907,136
3908,16
3909,49
3910,37
3911,316
3912,44
3913,192
3914,103
3915,45
3916,61
3917,293
3918,28
3919,21
3920,30
3921,95
3922,208
3923,55
3924,117
3925,22
3926,837
3927,37
3928,24
3929,40
3930,16
3931,17
3932,20
3933,21
3934,21
3935,65
3936,91
3937,41
3938,17
3939,71
3940,174
3941,68
3942,17
3943,35
3944,125
3945,235
3946,88
3947,239
3948,32
3949,20
3950,28
3951,124
3952,70
3953,242
3954,68
3955,188
3956,30
3957,82
3958,114
3959,124
3960,40
3961,96
3962,20
3963,138
3964,447
3965,540
3966,34
3967,107
3968,67
3969,36
3970,21
3971,50
3972,257
3973,42
3974,36
3975,37
3976,86
3977,25
3978,40
3979,384
3980,180
3981,240
3982,28
3983,60
3984,164
3985,17
3986,84
3987,36
3988,30
3989,37
3990,207
3991,103
3992,59
3993,29
3994,60
3995,160
3996,84
3997,404
3998,60
3999,209
4000,410
4001,128
4002,294
4003,32
4004,66
4005,17
4006,118
4007,28
4008,59
4009,60
4010,122
4011,141
4012,106
4013,151
4014,19
4015,30
4016,49
4017,65
4018,308
4019,83
4020,26
4021,99
4022,23
4023,103
4024,44
4025,65
4026,82
4027,250
4028,21
4029,301
4030,29
4031,42
4032,65
4033,122
4034,32
4035,27
4036,161
4037,115
4038,100
4039,31
4040,701
4041,29
4042,27
4043,29
4044,116
4045,28
4046,40
4047,322
4048,64
4049,274
4050,175
4051,26
4052,444
4053,164
4054,157
4055,33
4056,164
4057,140
4058,315
4059,30
4060,18
4061,284
4062,28
4063,26
4064,37
4065,55
4066,83
4067,133
4068,19
4069,421
4070,75
4071,263
4072,27
4073,18
4074,68
4075,50
4076,21
4077,258
4078,129
4079,616
4080,53
4081,52
4082,132
4083,73
4084,92
4085,105
4086,57
4087,39
4088,60
4089,60
4090,27
4091,39
4092,56
4093,24
4094,21
4095,118
4096,21
4097,135
4098,18
4099,54
4100,130
4101,51
4102,36
4103,19
4104,259
4105,180
4106,86
4107,33
4108,325
4109,44
4110,84
4111,27
4112,100
4113,29
4114,52
4115,48
4116,406
4117,53
4118,65
4119,110
4120,26
4121,37
4122,37
4123,57
4124,25
4125,27
4126,27
4127,804
4128,227
4129,43
4130,555
4131,187
4132,39
4133,21
4134,43
4135,544
4136,84
4137,135
4138,85
4139,254
4140,87
4141,154
4142,85
4143,254
4144,41
4145,18
4146,199
4147,24
4148,52
4149,83
4150,76
4151,192
4152,291
4153,16
4154,196
4155,203
4156,22
4157,20
4158,51
4159,197
4160,21
4161,21
4162,76
4163,21
4164,39
4165,343
4166,45
4167,31
4168,59
4169,43
4170,32
4171,213
4172,33
4173,37
4174,57
4175,53
4176,168
4177,27
4178,399
4179,80
4180,83
4181,154
4182,21
4183,29
4184,28
4185,171
4186,36
4187,87
4188,35
4189,93
4190,43
4191,324
4192,217
4193,312
4194,24
4195,243
4196,214
4197,75
4198,297
4199,197
4200,21
4201,139
4202,82
4203,90
4204,273
4205,45
4206,95
4207,46
4208,477
4209,85
4210,203
4211,156
4212,507
4213,29
4214,36
4215,27
4216,127
4217,74
4218,748
4219,142
4220,158
4221,157
4222,34
4223,100
4224,82
4225,133
4226,176
4227,291
4228,72
4229,40
4230,435
4231,660
4232,28
4233,187
4234,22
4235,375
4236,181
4237,39
4238,131
4239,58
4240,80
4241,258
4242,23
4243,92
4244,189
4245,105
4246,65
4247,224
4248,66
4249,53
4250,261
4251,31
4252,19
4253,28
4254,58
4255,74
4256,53
4257,91
4258,23
4259,121
4260,24
4261,57
4262,44
4263,124
4264,37
4265,29
4266,20
4267,189
4268,30
4269,130
4270,175
4271,63
4272,49
4273,89
4274,35
4275,31
4276,38
4277,156
4278,76
4279,25
4280,27
4281,196
4282,59
4283,497
4284,143
4285,227
4286,40
4287,91
4288,17
4289,33
4290,22
4291,24
4292,79
4293,28
4294,75
4295,35
4296,372
4297,21
4298,17
4299,18
4300,163
4301,40
4302,310
4303,24
4304,82
4305,335
4306,237
4307,210
4308,20
4309,137
4310,22
4311,95
4312,72
4313,32
4314,54
4315,31
4316,318
4317,190
4318,197
4319,86
4320,61
4321,19
4322,153
4323,107
4324,43
4325,322
4326,80
4327,193
4328,148
4329,92
4330,110
4331,21
4332,40
4333,65
4334,18
4335,37
4336,42
4337,85
4338,135
4339,190
4340,241
4341,29
4342,26
4343,40
4344,165
4345,153
4346,26
4347,32
4348,34
4349,19
4350,100
4351,260
4352,33
4353,125
4354,76
4355,63
4356,265
4357,239
4358,143
4359,18
4360,32
4361,167
4362,29
4363,139
4364,152
4365,228
4366,28
4367,220
4368,17
4369,18
4370,116
4371,203
4372,80
4373,404
4374,30
4375,36
4376,379
4377,250
4378,80
4379,173
4380,97
4381,22
4382,202
4383,594
4384,358
4385,150
4386,95
4387,60
4388,140
4389,173
4390,92
4391,323
4392,116
4393,38
4394,83
4395,22
4396,23
4397,20
4398,23
4399,22
4400,260
4401,119
4402,22
4403,139
4404,46
4405,146
4406,58
4407,697
4408,138
4409,170
4410,242
4411,29
4412,115
4413,165
4414,122
4415,21
4416,42
4417,20
4418,61
4419,159
4420,49
4421,16
4422,17
4423,37
4424,107
4425,284
4426,22
4427,44
4428,63
4429,54
4430,156
4431,35
4432,81
4433,321
4434,178
4435,213
4436,27
4437,33
4438,340
4439,37
4440,19
4441,166
4442,51
4443,53
4444,42
4445,445
4446,16
4447,56
4448,116
4449,515
4450,75
4451,31
4452,197
4453,141
4454,20
4455,86
4456,147
4457,27
4458,96
4459,61
4460,101
4461,700
4462,16
4463,19
4464,128
4465,23
4466,22
4467,49
4468,82
4469,38
4470,112
4471,199
4472,37
4473,85
4474,164
4475,277
4476,85
4477,87
4478,92
4479,292
4480,21
4481,109
4482,27
4483,693
4484,255
4485,71
4486,154
4487,91
4488,69
4489,24
4490,16
4491,185
4492,570
4493,34
4494,156
4495,60
4496,37
4497,108
4498,72
4499,65
4500,168
4501,20
4502,90
4503,78
4504,213
4505,25
4506,27
4507,43
4508,21
4509,34
4510,388
4511,65
4512,47
4513,21
4514,605
4515,46
4516,87
4517,333
4518,48
4519,51
4520,119
4521,54
4522,79
4523,185
4524,229
4525,212
4526,176
4527,129
4528,236
4529,25
4530,27
4531,575
4532,336
4533,244
4534,57
4535,39
4536,47
4537,34
4538,214
4539,107
4540,156
4541,162
4542,32
4543,79
4544,676
4545,39
4546,116
4547,245
4548,44
4549,77
4550,60
4551,484
4552,296
4553,105
4554,20
4555,21
4556,628
4557,252
4558,436
4559,117
4560,31
4561,17
4562,17
4563,96
4564,20
4565,29
4566,154
4567,130
4568,19
4569,82
4570,213
4571,28
4572,114
4573,41
4574,75
4575,88
4576,123
4577,22
4578,316
4579,46
4580,53
4581,75
4582,61
4583,172
4584,92
4585,130
4586,101
4587,63
4588,299
4589,35
4590,261
4591,95
4592,26
4593,16
4594,20
4595,27
4596,83
4597,24
4598,129
4599,28
4600,126
4601,21
4602,364
4603,27
4604,20
4605,256
4606,72
4607,163
4608,16
4609,235
4610,23
4611,252
4612,28
4613,401
4614,59
4615,79
4616,92
4617,120
4618,16
4619,95
4620,132
4621,60
4622,22
4623,363
4624,109
4625,27
4626,36
4627,80
4628,218
4629,31
4630,201
4631,93
4632,42
4633,239
4634,81
4635,239
4636,220
4637,59
4638,94
4639,70
4640,34
4641,37
4642,35
4643,28
4644,18
4645,164
4646,55
4647,53
4648,64
4649,96
4650,225
4651,27
4652,63
4653,252
4654,50
4655,87
4656,26
4657,27
4658,37
4659,284
4660,23
4661,18
4662,95
4663,108
4664,33
4665,53
4666,83
4667,32
4668,27
4669,25
4670,16
4671,16
4672,106
4673,36
4674,100
4675,46
4676,572
4677,24
4678,245
4679,164
4680,27
4681,170
4682,67
4683,123
4684,19
4685,55
4686,80
4687,104
4688,21
4689,105
4690,88
4691,170
4692,27
4693,102
4694,43
4695,17
4696,229
4697,810
4698,27
4699,76
4700,91
4701,20
4702,27
4703,24
4704,104
4705,25
4706,81
4707,270
4708,31
4709,230
4710,134
4711,52
4712,117
4713,65
4714,119
4715,660
4716,77
4717,28
4718,45
4719,167
4720,83
4721,52
4722,100
4723,127
4724,225
4725,23
4726,75
4727,387
4728,257
4729,21
4730,82
4731,340
4732,84
4733,242
4734,21
4735,76
4736,61
4737,245
4738,144
4739,41
4740,462
4741,20
4742,207
4743,240
4744,233
4745,59
4746,37
4747,146
4748,170
4749,35
4750,372
4751,98
4752,29
4753,52
4754,25
4755,59
4756,123
4757,18
4758,56
4759,24
4760,47
4761,44
4762,543
4763,85
4764,226
4765,111
4766,188
4767,37
4768,27
4769,214
4770,504
4771,45
4772,32
4773,16
4774,693
4775,76
4776,36
4777,576
4778,68
4779,16
4780,27
4781,31
4782,428
4783,79
4784,308
4785,35
4786,19
4787,228
4788,81
4789,197
4790,139
4791,38
4792,102
4793,130
4794,42
4795,434
4796,472
4797,49
4798,64
4799,59
4800,658
4801,36
4802,126
4803,37
4804,141
4805,84
4806,86
4807,83
4808,170
4809,101
4810,90
4811,28
4812,156
4813,266
4814,44
4815,211
4816,40
4817,193
4818,175
4819,20
4820,164
4821,94
4822,36
4823,145
4824,32
4825,38
4826,21
4827,408
4828,167
4829,30
4830,149
4831,74
4832,49
4833,284
4834,240
4835,101
4836,931
4837,78
4838,197
4839,78
4840,21
4841,260
4842,28
4843,26
4844,38
4845,23
4846,203
4847,35
4848,145
4849,28
4850,38
4851,16
4852,20
4853,53
4854,22
4855,36
4856,36
4857,129
4858,580
4859,20
4860,124
4861,106
4862,174
4863,19
4864,18
4865,168
4866,673
4867,97
4868,65
4869,309
4870,21
4871,48
4872,32
4873,31
4874,20
4875,116
4876,73
4877,128
4878,168
4879,92
4880,98
4881,21
4882,82
4883,17
4884,151
4885,36
4886,19
4887,222
4888,175
4889,63
4890,43
4891,38
4892,37
4893,200
4894,71
4895,28
4896,139
4897,64
4898,139
4899,77
4900,107
4901,36
4902,236
4903,65
4904,309
4905,102
4906,536
4907,112
4908,69
4909,147
4910,577
4911,195
4912,36
4913,27
4914,124
4915,73
4916,18
4917,65
4918,27
4919,156
4920,52
4921,318
4922,31
4923,119
4924,100
4925,105
4926,281
4927,89
4928,23
4929,257
4930,75
4931,228
4932,196
4933,52
4934,107
4935,34
4936,139
4937,312
4938,142
4939,174
4940,69
4941,38
4942,28
4943,221
4944,91
4945,18
4946,182
4947,21
4948,305
4949,91
4950,62
4951,84
4952,21
4953,252
4954,96
4955,37
4956,300
4957,28
4958,21
4959,28
4960,85
4961,94
4962,120
4963,44
4964,300
4965,177
4966,63
4967,92
4968,35
4969,37
4970,203
4971,56
4972,916
4973,100
4974,164
4975,300
4976,456
4977,61
4978,25
4979,68
4980,117
4981,47
4982,55
4983,21
4984,772
4985,46
4986,449
4987,96
4988,37
4989,469
4990,74
4991,45
4992,36
4993,59
4994,80
4995,182
4996,50
4997,575
4998,193
4999,52
5000,32
5001,37
5002,109
5003,242
5004,91
5005,271
5006,77
5007,132
5008,42
5009,416
5010,300
5011,133
5012,16
5013,228
5014,23
5015,59
5016,17
5017,51
5018,520
5019,118
5020,80
5021,16
5022,53
5023,149
5024,507
5025,50
5026,140
5027,382
5028,35
5029,62
5030,21
5031,57
5032,272
5033,37
5034,120
5035,28
5036,122
5037,133
5038,27
5039,30
5040,507
5041,51
5042,43
5043,210
5044,84
5045,437
5046,221
5047,152
5048,196
5049,31
5050,186
5051,66
5052,173
5053,59
5054,30
5055,37
5056,148
5057,101
5058,322
5059,273
5060,194
5061,46
5062,241
5063,91
5064,56
5065,138
5066,142
5067,218
5068,231
5069,23
5070,68
5071,20
5072,233
5073,331
5074,29
5075,108
5076,95
5077,60
5078,197
5079,22
5080,43
5081,29
5082,28
5083,17
5084,26
5085,36
5086,101
5087,128
5088,102
5089,164
5090,151
5091,165
5092,116
5093,181
5094,53
5095,107
5096,212
5097,77
5098,60
5099,145
5100,203
5101,587
5102,20
5103,117
5104,20
5105,32
5106,28
5107,32
5108,25
5109,28
5110,68
5111,668
5112,242
5113,103
5114,60
5115,78
5116,74
5117,29
5118,175
5119,379
5120,68
5121,212
5122,95
5123,122
5124,137
5125,651
5126,19
5127,81
5128,274
5129,210
5130,63
5131,48
5132,31
5133,238
5134,20
5135,673
5136,36
5137,82
5138,35
5139,40
5140,28
5141,106
5142,40
5143,837
5144,59
5145,216
5146,84
5147,122
5148,93
5149,159
5150,21
5151,252
5152,30
5153,84
5154,180
5155,238
5156,93
5157,21
5158,158
5159,97
5160,167
5161,428
5162,27
5163,101
5164,59
5165,214
5166,229
5167,36
5168,26
5169,262
5170,71
5171,38
5172,58
5173,58
5174,87
5175,22
5176,54
5177,33
5178,460
5179,116
5180,196
5181,110
5182,145
5183,20
5184,124
5185,27
5186,485
5187,98
5188,390
5189,32
5190,423
5191,69
5192,80
5193,390
5194,101
5195,20
5196,103
5197,49
5198,37
5199,21
5200,25
5201,19
5202,20
5203,251
5204,239
5205,52
5206,188
5207,30
5208,95
5209,92
5210,60
5211,75
5212,139
5213,133
5214,80
5215,80
5216,100
5217,116
5218,61
5219,48
5220,67
5221,25
5222,79
5223,68
5224,170
5225,307
5226,154
5227,20
5228,16
5229,284
5230,38
5231,289
5232,162
5233,77
5234,16
5235,118
5236,41
5237,259
5238,50
5239,28
5240,73
5241,48
5242,34
5243,159
5244,165
5245,18
5246,85
5247,68
5248,421
5249,41
5250,17
5251,60
5252,37
5253,37
5254,24
5255,351
5256,58
5257,66
5258,447
5259,44
5260,324
5261,131
5262,94
5263,72
5264,123
5265,67
5266,282
5267,406
5268,30
5269,92
5270,117
5271,460
5272,45
5273,25
5274,176
5275,229
5276,538
5277,43
5278,183
5279,76
5280,277
5281,60
5282,124
5283,126
5284,111
5285,212
5286,18
5287,24
5288,43
5289,155
5290,147
5291,101
5292,52
5293,315
5294,22
5295,203
5296,21
5297,92
5298,30
5299,21
5300,104
5301,265
5302,352
5303,654
5304,36
5305,55
5306,75
5307,81
5308,215
5309,24
5310,236
5311,1017
5312,20
5313,98
5314,93
5315,28
5316,348
5317,36
5318,19
5319,138
5320,32
5321,52
5322,17
5323,121
5324,172
5325,43
5326,53
5327,198
5328,37
5329,17
5330,245
5331,708
5332,69
5333,23
5334,62
5335,26
5336,20
5337,26
5338,24
5339,62
5340,38
5341,51
5342,59
5343,85
5344,439
5345,94
5346,189
5347,87
5348,16
5349,59
5350,140
5351,41
5352,971
5353,62
5354,70
5355,24
5356,25
5357,40
5358,427
5359,178
5360,25
5361,30
5362,187
5363,268
5364,42
5365,177
5366,68
5367,177
5368,50
5369,283
5370,324
5371,37
5372,117
5373,44
5374,129
5375,265
5376,123
5377,323
5378,41
5379,52
5380,159
5381,159
5382,27
5383,27
5384,63
5385,149
5386,160
5387,17
5388,31
5389,83
5390,26
5391,26
5392,53
5393,60
5394,303
5395,31
5396,80
5397,210
5398,27
5399,239
5400,109
5401,19
5402,18
5403,478
5404,43
5405,361
5406,596
5407,224
5408,32
5409,21
5410,62
5411,97
5412,393
5413,66
5414,493
5415,104
5416,21
5417,262
5418,62
5419,92
5420,118
5421,91
5422,45
5423,165
5424,41
5425,23
5426,17
5427,171
5428,131
5429,101
5430,24
5431,69
5432,61
5433,16
5434,122
5435,100
5436,38
5437,164
5438,23
5439,193
5440,102
5441,137
5442,101
5443,61
5444,27
5445,228
5446,556
5447,184
5448,19
5449,26
5450,19
5451,115
5452,36
5453,185
5454,27
5455,124
5456,157
5457,51
5458,171
5459,38
5460,85
5461,84
5462,76
5463,61
5464,20
5465,33
5466,24
5467,28
5468,28
5469,82
5470,148
5471,89
5472,127
5473,36
5474,26
5475,140
5476,53
5477,21
5478,28
5479,75
5480,111
5481,316
5482,144
5483,79
5484,348
5485,43
5486,103
5487,73
5488,797
5489,302
5490,233
5491,191
5492,90
5493,56
5494,34
5495,151
5496,244
5497,21
5498,149
5499,436
5500,30
5501,53
5502,18
5503,27
5504,73
5505,45
5506,37
5507,131
5508,348
5509,27
5510,187
5511,44
5512,100
5513,40
5514,316
5515,27
5516,30
5517,169
5518,221
5519,101
5520,22
5521,24
5522,79
5523,96
5524,47
5525,63
5526,61
5527,21
5528,228
5529,69
5530,53
5531,24
5532,62
5533,148
5534,473
5535,45
5536,125
5537,21
5538,57
5539,56
5540,19
5541,404
5542,186
5543,268
5544,204
5545,45
5546,70
5547,99
5548,260
5549,27
5550,51
5551,297
5552,253
5553,157
5554,19
5555,99
5556,84
5557,45
5558,722
5559,27
5560,127
5561,71
5562,122
5563,35
5564,105
5565,38
5566,117
5567,76
5568,217
5569,65
5570,28
5571,37
5572,25
5573,51
5574,91
5575,41
5576,84
5577,48
5578,17
5579,222
5580,705
5581,162
5582,16
5583,99
5584,229
5585,270
5586,98
5587,27
5588,21
5589,136
5590,42
5591,28
5592,100
5593,106
5594,39
5595,84
5596,44
5597,76
5598,36
5599,19
5600,37
5601,18
5602,395
5603,143
5604,191
5605,45
5606,138
5607,296
5608,37
5609,58
5610,26
5611,42
5612,182
5613,78
5614,94
5615,250
5616,28
5617,35
5618,53
5619,141
5620,68
5621,301
5622,92
5623,317
5624,20
5625,17
5626,97
5627,21
5628,56
5629,81
5630,36
5631,204
5632,182
5633,141
5634,57
5635,97
5636,30
5637,382
5638,105
5639,17
5640,149
5641,327
5642,140
5643,47
5644,74
5645,88
5646,20
5647,560
5648,56
5649,101
5650,90
5651,126
5652,16
5653,83
5654,136
5655,28
5656,335
5657,52
5658,68
5659,107
5660,37
5661,316
5662,63
5663,34
5664,312
5665,163
5666,795
5667,66
5668,58
5669,27
5670,30
5671,59
5672,22
5673,30
5674,112
5675,21
5676,252
5677,28
5678,108
5679,52
5680,144
5681,83
5682,505
5683,56
5684,32
5685,153
5686,320
5687,101
5688,216
5689,529
5690,25
5691,44
5692,25
5693,66
5694,383
5695,16
5696,60
5697,105
5698,117
5699,42
5700,16
5701,62
5702,23
5703,707
5704,115
5705,226
5706,194
5707,338
5708,78
5709,314
5710,31
5711,135
5712,22
5713,35
5714,187
5715,532
5716,43
5717,20
5718,125
5719,65
5720,59
5721,198
5722,133
5723,116
5724,203
5725,43
5726,501
5727,139
5728,92
5729,36
5730,315
5731,92
5732,173
5733,27
5734,101
5735,35
5736,29
5737,61
5738,34
5739,119
5740,237
5741,20
5742,338
5743,26
5744,65
5745,366
5746,139
5747,44
5748,21
5749,811
5750,173
5751,125
5752,100
5753,27
5754,373
5755,23
5756,76
5757,69
5758,51
5759,16
5760,36
5761,20
5762,111
5763,322
5764,37
5765,135
5766,38
5767,53
5768,31
5769,606
5770,20
5771,77
5772,39
5773,180
5774,19
5775,83
5776,398
5777,131
5778,38
5779,110
5780,409
5781,187
5782,19
5783,95
5784,24
5785,84
5786,51
5787,93
5788,156
5789,91
5790,25
5791,19
5792,262
5793,69
5794,120
5795,35
5796,119
5797,368
5798,67
5799,261
5800,32
5801,111
5802,38
5803,212
5804,228
5805,404
5806,42
5807,36
5808,58
5809,52
5810,27
5811,213
5812,76
5813,68
5814,100
5815,53
5816,73
5817,53
5818,28
5819,23
5820,155
5821,317
5822,137
5823,50
5824,94
5825,83
5826,16
5827,234
5828,97
5829,245
5830,34
5831,27
5832,18
5833,91
5834,110
5835,79
5836,139
5837,45
5838,138
5839,17
5840,40
5841,21
5842,56
5843,55
5844,138
5845,619
5846,25
5847,198
5848,20
5849,29
5850,100
5851,68
5852,42
5853,203
5854,50
5855,44
5856,93
5857,31
5858,429
5859,60
5860,28
5861,88
5862,404
5863,499
5864,43
5865,56
5866,152
5867,123
5868,37
5869,34
5870,64
5871,92
5872,50
5873,108
5874,34
5875,28
5876,36
5877,59
5878,668
5879,46
5880,27
5881,35
5882,85
5883,133
5884,22
5885,68
5886,89
5887,507
5888,39
5889,32
5890,54
5891,91
5892,723
5893,63
5894,28
5895,79
5896,52
5897,27
5898,76
5899,58
5900,1173
5901,17
5902,180
5903,178
5904,28
5905,87
5906,56
5907,52
5908,52
5909,163
5910,20
5911,259
5912,84
5913,180
5914,20
5915,27
5916,21
5917,60
5918,197
5919,99
5920,17
5921,17
5922,31
5923,57
5924,36
5925,131
5926,421
5927,35
5928,37
5929,49
5930,75
5931,43
5932,23
5933,116
5934,260
5935,344
5936,61
5937,126
5938,275
5939,36
5940,159
5941,54
5942,84
5943,153
5944,170
5945,283
5946,176
5947,78
5948,125
5949,16
5950,50
5951,395
5952,309
5953,70
5954,278
5955,25
5956,132
5957,104
5958,22
5959,21
5960,65
5961,37
5962,131
5963,27
5964,16
5965,412
5966,294
5967,79
5968,43
5969,17
5970,125
5971,151
5972,100
5973,270
5974,86
5975,262
5976,125
5977,76
5978,65
5979,101
5980,40
5981,41
5982,340
5983,62
5984,61
5985,129
5986,73
5987,49
5988,20
5989,123
5990,437
5991,179
5992,27
5993,173
5994,47
5995,321
5996,43
5997,192
5998,36
5999,60
6000,16
6001,107
6002,181
6003,41
6004,62
6005,555
6006,116
6007,18
6008,140
6009,59
6010,36
6011,85
6012,82
6013,48
6014,24
6015,46
6016,31
6017,39
6018,236
6019,24
6020,106
6021,330
